codigo_inep;nome_curso;grau;turno;campus;area_conhecimento;area_conhecimento_vestibular;modalidade;unidade_responsavel;unidade_coordenacao
13395;ADMINISTRAÇÃO;BACHARELADO;Matutino e Vespertino;João Pessoa;Ciências Sociais Aplicadas;Área IV - CIÊNCIAS HUMANAS E SOCIAIS;Presencial;CENTRO DE CIÊNCIAS SOCIAIS E APLICADAS (CCSA);CCSA - COORDENAÇÃO DE ADMINISTRAÇÃO
13395;ADMINISTRAÇÃO;BACHARELADO;Noturno;João Pessoa;Ciências Sociais Aplicadas;Área IV - CIÊNCIAS HUMANAS E SOCIAIS;Presencial;CENTRO DE CIÊNCIAS SOCIAIS E APLICADAS (CCSA);CCSA - COORDENAÇÃO DE ADMINISTRAÇÃO
13455;ADMINISTRAÇÃO;BACHARELADO;Matutino e Vespertino;Bananeiras;Ciências Sociais Aplicadas;Área IV - CIÊNCIAS HUMANAS E SOCIAIS;Presencial;CENTRO DE CIÊNCIAS HUMANAS SOCIAIS E AGRÁRIAS (CCHSA);CCHSA - COORDENAÇÃO DE ADMINISTRAÇÃO
13455;ADMINISTRAÇÃO;BACHARELADO;Noturno;Bananeiras;Ciências Sociais Aplicadas;Área IV - CIÊNCIAS HUMANAS E SOCIAIS;Presencial;CENTRO DE CIÊNCIAS HUMANAS SOCIAIS E AGRÁRIAS (CCHSA);CCHSA - COORDENAÇÃO DE ADMINISTRAÇÃO
1440696;ADMINISTRAÇÃO;BACHARELADO;Matutino e Vespertino;Litoral Norte (Mamanguape e Rio Tinto);Ciências Sociais Aplicadas;Área IV - CIÊNCIAS HUMANAS E SOCIAIS;Presencial;CENTRO DE CIÊNCIAS APLICADAS E EDUCAÇÃO (CCAE);CCAE - COORDENAÇÃO DE ADMINISTRAÇÃO
1203263;ADMINISTRAÇÃO PÚBLICA;BACHARELADO;Matutino e Vespertino;UFPB VIRTUAL;Ciências Sociais Aplicadas;Área IV - CIÊNCIAS HUMANAS E SOCIAIS;A Distância;CENTRO DE TECNOLOGIA E DESENVOLVIMENTO REGIONAL (CTDR);CCSA - COORDENAÇÃO DE ADMINISTRAÇÃO
1167933;AGROECOLOGIA;BACHARELADO;Matutino e Vespertino;Bananeiras;Ciências Agrárias;Área I - CIÊNCIAS AGRÁRIAS;Presencial;CENTRO DE CIÊNCIAS HUMANAS SOCIAIS E AGRÁRIAS (CCHSA);CCHSA - COORDENAÇÃO DE AGROECOLOGIA
80589;AGROINDÚSTRIA;BACHARELADO;Matutino e Vespertino;Bananeiras;Ciências Agrárias;Área I - CIÊNCIAS AGRÁRIAS;Presencial;CENTRO DE CIÊNCIAS HUMANAS SOCIAIS E AGRÁRIAS (CCHSA);CCHSA - COORDENAÇÃO DE AGROINDÚSTRIA
13454;AGRONOMIA;BACHARELADO;Matutino e Vespertino;Areia;Ciências Agrárias;Área I - CIÊNCIAS AGRÁRIAS;Presencial;CENTRO DE CIÊNCIAS AGRÁRIAS (CCA);CCA - COORDENAÇÃO DE AGRONOMIA
107348;ANTROPOLOGIA;BACHARELADO;Noturno;Litoral Norte (Mamanguape e Rio Tinto);Ciências Sociais Aplicadas;Área IV - CIÊNCIAS HUMANAS E SOCIAIS;Presencial;CENTRO DE CIÊNCIAS APLICADAS E EDUCAÇÃO (CCAE);CCAE - COORDENAÇÃO DE ANTROPOLOGIA E CULTURAS INDÍGENAS
13427;ARQUITETURA E URBANISMO;BACHARELADO;Matutino e Vespertino;João Pessoa;Engenharias;Área III - CIÊNCIAS EXATAS E TECNOLÓGICAS;Presencial;CENTRO DE TECNOLOGIA (CT);CT - COORDENAÇÃO DE ARQUITETURA E URBANISMO
113621;ARQUIVOLOGIA;BACHARELADO;Noturno;João Pessoa;Ciências Sociais Aplicadas;Área IV - CIÊNCIAS HUMANAS E SOCIAIS;Presencial;CENTRO DE CIÊNCIAS SOCIAIS E APLICADAS (CCSA);CCSA - COORDENAÇÃO DE ARQUIVOLOGIA
107438;ARTES VISUAIS;LICENCIATURA;Matutino e Vespertino;João Pessoa;Ciências Humanas;Área IV - CIÊNCIAS HUMANAS E SOCIAIS;Presencial;CENTRO DE COMUNICAÇÃO, TURISMO E ARTES (CCTA);CCTA - COORDENAÇÃO  DE ARTES VISUAIS
107440;ARTES VISUAIS;BACHARELADO;Matutino e Vespertino;João Pessoa;Ciências Humanas;Área IV - CIÊNCIAS HUMANAS E SOCIAIS;Presencial;CENTRO DE COMUNICAÇÃO, TURISMO E ARTES (CCTA);CCTA - COORDENAÇÃO  DE ARTES VISUAIS
13396;BIBLIOTECONOMIA;BACHARELADO;Matutino e Vespertino;João Pessoa;Ciências Sociais Aplicadas;Área IV - CIÊNCIAS HUMANAS E SOCIAIS;Presencial;CENTRO DE CIÊNCIAS SOCIAIS E APLICADAS (CCSA);CCSA - COORDENACÃO DE BIBLIOTECONOMIA E DOCUMENTAÇÃO
13396;BIBLIOTECONOMIA;BACHARELADO;Noturno;João Pessoa;Ciências Sociais Aplicadas;Área IV - CIÊNCIAS HUMANAS E SOCIAIS;Presencial;CENTRO DE CIÊNCIAS SOCIAIS E APLICADAS (CCSA);CCSA - COORDENACÃO DE BIBLIOTECONOMIA E DOCUMENTAÇÃO
13396;BIBLIOTECONOMIA;BACHARELADO;Vespertino;João Pessoa;Ciências Sociais Aplicadas;Área IV - CIÊNCIAS HUMANAS E SOCIAIS;Presencial;CENTRO DE CIÊNCIAS SOCIAIS E APLICADAS (CCSA);CCSA - COORDENACÃO DE BIBLIOTECONOMIA E DOCUMENTAÇÃO
1399139;BIOMEDICINA;BACHARELADO;Matutino e Vespertino;João Pessoa;Ciências da Saúde;Área II -CIÊNCIAS BIOLÓGICAS E DA SAÚDE;Presencial;CENTRO DE CIÊNCIAS DA SAÚDE (CCS);CCS - COORDENAÇÃO DE BIOMEDICINA
1189062;BIOTECNOLOGIA;BACHARELADO;Matutino e Vespertino;João Pessoa;Ciências Exatas e da Terra;Área II -CIÊNCIAS BIOLÓGICAS E DA SAÚDE;Presencial;CENTRO DE BIOTECNOLOGIA;CBIOTEC - COORDENAÇÃO DE BIOTECNOLOGIA
13401;CIÊNCIA DA COMPUTAÇÃO;BACHARELADO;Matutino e Vespertino;João Pessoa;Engenharias;Área III - CIÊNCIAS EXATAS E TECNOLÓGICAS;Presencial;CENTRO DE INFORMÁTICA (CI);CI - COORDENAÇÃO DE CIÊNCIAS DA COMPUTAÇÃO (BACHARELADO)
98984;CIÊNCIA DA COMPUTAÇÃO;LICENCIATURA;Matutino e Vespertino;Litoral Norte (Mamanguape e Rio Tinto);Engenharias;Área III - CIÊNCIAS EXATAS E TECNOLÓGICAS;Presencial;CENTRO DE CIÊNCIAS APLICADAS E EDUCAÇÃO (CCAE);CCAE - COORDENAÇÃO DE CIÊNCIAS DA COMPUTAÇÃO
1503759;CIÊNCIA DE DADOS E INTELIGÊNCIA ARTIFICIAL;BACHARELADO;Matutino e Vespertino;João Pessoa;Engenharias;Área III - CIÊNCIAS EXATAS E TECNOLÓGICAS;Presencial;CENTRO DE INFORMÁTICA (CI);CI - COORDENAÇÃO DE MATEMÁTICA COMPUTACIONAL
1564470;CIÊNCIA DE DADOS PARA NEGÓCIOS;BACHARELADO;Vespertino;João Pessoa;Ciências Sociais Aplicadas;Área IV - CIÊNCIAS HUMANAS E SOCIAIS;Presencial;CENTRO DE CIÊNCIAS SOCIAIS E APLICADAS (CCSA);CCSA - COORDENACÃO DE ECONOMIA
13457;CIÊNCIAS AGRÁRIAS;LICENCIATURA;Matutino e Vespertino;Bananeiras;Ciências Agrárias;Área I - CIÊNCIAS AGRÁRIAS;Presencial;CENTRO DE CIÊNCIAS HUMANAS SOCIAIS E AGRÁRIAS (CCHSA);CCHSA - COORDENAÇÃO DE CIÊNCIAS AGRÁRIAS
113701;CIÊNCIAS AGRÁRIAS -EAD;LICENCIATURA;Matutino e Vespertino;UFPB VIRTUAL;Ciências Agrárias;Área I - CIÊNCIAS AGRÁRIAS;A Distância;CENTRO DE CIÊNCIAS HUMANAS SOCIAIS E AGRÁRIAS (CCHSA);CCHSA - COORDENAÇÃO DE CIÊNCIAS AGRÁRIAS
1127039;CIÊNCIAS ATUARIAIS;BACHARELADO;Noturno;João Pessoa;Ciências Sociais Aplicadas;Área IV - CIÊNCIAS HUMANAS E SOCIAIS;Presencial;CENTRO DE CIÊNCIAS SOCIAIS E APLICADAS (CCSA);CCSA - COORDENAÇÃO DE CIÊNCIAS ATUARIAIS
1127039;CIÊNCIAS ATUARIAIS;BACHARELADO;Vespertino;João Pessoa;Ciências Sociais Aplicadas;Área IV - CIÊNCIAS HUMANAS E SOCIAIS;Presencial;CENTRO DE CIÊNCIAS SOCIAIS E APLICADAS (CCSA);CCSA - COORDENAÇÃO DE CIÊNCIAS ATUARIAIS
13399;CIÊNCIAS BIOLÓGICAS;LICENCIATURA;Matutino e Vespertino;João Pessoa;Ciências Exatas e da Terra;Área II -CIÊNCIAS BIOLÓGICAS E DA SAÚDE;Presencial;CENTRO DE CIÊNCIAS EXATAS E DA NATUREZA (CCEN);CCEN - COORDENAÇÃO DE CIÊNCIAS BIOLÓGICAS (LICENCIATURA)
13399;CIÊNCIAS BIOLÓGICAS;LICENCIATURA;Noturno;João Pessoa;Ciências Exatas e da Terra;Área II -CIÊNCIAS BIOLÓGICAS E DA SAÚDE;Presencial;CENTRO DE CIÊNCIAS EXATAS E DA NATUREZA (CCEN);CCEN - COORDENAÇÃO DE CIÊNCIAS BIOLÓGICAS (LICENCIATURA)
313399;CIÊNCIAS BIOLÓGICAS;BACHARELADO;Matutino e Vespertino;João Pessoa;Ciências Exatas e da Terra;Área II -CIÊNCIAS BIOLÓGICAS E DA SAÚDE;Presencial;CENTRO DE CIÊNCIAS EXATAS E DA NATUREZA (CCEN);CCEN - COORDENAÇÃO DE CIÊNCIAS BIOLÓGICAS (BACHARELADO)
397767;CIÊNCIAS BIOLÓGICAS;BACHARELADO;Matutino e Vespertino;Areia;Ciências Exatas e da Terra;Área III - CIÊNCIAS EXATAS E TECNOLÓGICAS;Presencial;CENTRO DE CIÊNCIAS AGRÁRIAS (CCA);CCA - COORDENAÇÃO DE CIÊNCIAS BIOLÓGICAS
397767;CIÊNCIAS BIOLÓGICAS;LICENCIATURA CURTA;Matutino e Vespertino;Areia;Ciências Exatas e da Terra;Área III - CIÊNCIAS EXATAS E TECNOLÓGICAS;Presencial;CENTRO DE CIÊNCIAS AGRÁRIAS (CCA);CCA - COORDENAÇÃO DE CIÊNCIAS BIOLÓGICAS
97767;CIÊNCIAS BIOLÓGICAS;LICENCIATURA;Matutino e Vespertino;Areia;Ciências Exatas e da Terra;Área III - CIÊNCIAS EXATAS E TECNOLÓGICAS;Presencial;CENTRO DE CIÊNCIAS AGRÁRIAS (CCA);CCA - COORDENAÇÃO DE CIÊNCIAS BIOLÓGICAS
113699;CIÊNCIAS BIOLÓGICAS - EAD;LICENCIATURA;Matutino e Vespertino;UFPB VIRTUAL;Ciências Exatas e da Terra;Área III - CIÊNCIAS EXATAS E TECNOLÓGICAS;A Distância;CENTRO DE CIÊNCIAS EXATAS E DA NATUREZA (CCEN);CCEN - COORDENAÇÃO DE CIÊNCIAS BIOLÓGICAS (EAD)
13397;CIÊNCIAS CONTÁBEIS;BACHARELADO;Matutino e Vespertino;João Pessoa;Ciências Sociais Aplicadas;Área IV - CIÊNCIAS HUMANAS E SOCIAIS;Presencial;CENTRO DE CIÊNCIAS SOCIAIS E APLICADAS (CCSA);CCSA - COORDENACÃO DE CIÊNCIAS CONTÁBEIS
13397;CIÊNCIAS CONTÁBEIS;BACHARELADO;Noturno;João Pessoa;Ciências Sociais Aplicadas;Área IV - CIÊNCIAS HUMANAS E SOCIAIS;Presencial;CENTRO DE CIÊNCIAS SOCIAIS E APLICADAS (CCSA);CCSA - COORDENACÃO DE CIÊNCIAS CONTÁBEIS
98976;CIÊNCIAS CONTÁBEIS;BACHARELADO;Noturno;Litoral Norte (Mamanguape e Rio Tinto);Ciências Sociais Aplicadas;Área IV - CIÊNCIAS HUMANAS E SOCIAIS;Presencial;CENTRO DE CIÊNCIAS APLICADAS E EDUCAÇÃO (CCAE);CCAE - COORDENAÇÃO DE CIÊNCIAS CONTÁBEIS
1162838;CIÊNCIAS DAS RELIGIÕES;BACHARELADO;Noturno;João Pessoa;Ciências Humanas;Área IV - CIÊNCIAS HUMANAS E SOCIAIS;Presencial;CENTRO DE EDUCAÇÃO (CE);CE - COORDENAÇÃO DE CIÊNCIAS DAS RELIGIÕES
116826;CIÊNCIAS DAS RELIGIÕES;LICENCIATURA;Noturno;João Pessoa;Ciências Humanas;Área IV - CIÊNCIAS HUMANAS E SOCIAIS;Presencial;CENTRO DE EDUCAÇÃO (CE);CE - COORDENAÇÃO DE CIÊNCIAS DAS RELIGIÕES
116826;CIÊNCIAS DAS RELIGIÕES;LICENCIATURA;Vespertino;João Pessoa;Ciências Humanas;Área IV - CIÊNCIAS HUMANAS E SOCIAIS;Presencial;CENTRO DE EDUCAÇÃO (CE);CE - COORDENAÇÃO DE CIÊNCIAS DAS RELIGIÕES
13394;CIÊNCIAS ECONÔMICAS;BACHARELADO;Matutino e Vespertino;João Pessoa;Ciências Sociais Aplicadas;Área IV - CIÊNCIAS HUMANAS E SOCIAIS;Presencial;CENTRO DE CIÊNCIAS SOCIAIS E APLICADAS (CCSA);CCSA - COORDENACÃO DE ECONOMIA
13394;CIÊNCIAS ECONÔMICAS;BACHARELADO;Noturno;João Pessoa;Ciências Sociais Aplicadas;Área IV - CIÊNCIAS HUMANAS E SOCIAIS;Presencial;CENTRO DE CIÊNCIAS SOCIAIS E APLICADAS (CCSA);CCSA - COORDENACÃO DE ECONOMIA
113705;CIÊNCIAS NATURAIS;LICENCIATURA;Matutino e Vespertino;UFPB VIRTUAL;Ciências Exatas e da Terra;Área III - CIÊNCIAS EXATAS E TECNOLÓGICAS;A Distância;CENTRO DE EDUCAÇÃO (CE);CE - COORDENAÇÃO EM CIÊNCIAS NATURAIS (EAD)
1110230;CIÊNCIAS SOCIAIS;LICENCIATURA;Noturno;João Pessoa;Ciências Sociais Aplicadas;Área IV - CIÊNCIAS HUMANAS E SOCIAIS;Presencial;CENTRO DE CIÊNCIAS HUMANAS, LETRAS E ARTES (CCHLA);CCHLA - COORDENAÇÃO DE CIÊNCIAS SOCIAIS
13459;CIÊNCIAS SOCIAIS;BACHARELADO;Matutino e Vespertino;João Pessoa;Ciências Sociais Aplicadas;Área IV - CIÊNCIAS HUMANAS E SOCIAIS;Presencial;CENTRO DE CIÊNCIAS HUMANAS, LETRAS E ARTES (CCHLA);CCHLA - COORDENAÇÃO DE CIÊNCIAS SOCIAIS
1166771;CINEMA E AUDIOVISUAL;BACHARELADO;Matutino e Vespertino;João Pessoa;Ciências Humanas;Área IV - CIÊNCIAS HUMANAS E SOCIAIS;Presencial;CENTRO DE COMUNICAÇÃO, TURISMO E ARTES (CCTA);CCTA - COORDENAÇÃO DE CINEMA E AUDIOVISUAL
1203266;COMPUTAÇÃO;LICENCIATURA;Matutino e Vespertino;UFPB VIRTUAL;Ciências Exatas e da Terra;Área III - CIÊNCIAS EXATAS E TECNOLÓGICAS;A Distância;CENTRO DE INFORMÁTICA (CI);CI - COORDENAÇÃO DE COMPUTAÇÃO (LICENCIATURA - EAD)
1125641;COMUNICAÇÃO EM MÍDIAS DIGITAIS;BACHARELADO;Vespertino;João Pessoa;Ciências Humanas;Área IV - CIÊNCIAS HUMANAS E SOCIAIS;Presencial;CENTRO DE CIÊNCIAS HUMANAS, LETRAS E ARTES (CCHLA);CCHLA - COORDENAÇÃO DE COMUNICAÇÃO EM MÍDIAS DIGITAIS
22457;COMUNICAÇÃO SOCIAL;BACHARELADO;Matutino e Vespertino;João Pessoa;Ciências Sociais Aplicadas;Área IV - CIÊNCIAS HUMANAS E SOCIAIS;Presencial;CENTRO DE COMUNICAÇÃO, TURISMO E ARTES (CCTA);CCTA - COORDENAÇÃO DE RADIALISMO
28408;COMUNICAÇÃO SOCIAL;BACHARELADO;Noturno;João Pessoa;Ciências Sociais Aplicadas;Área IV - CIÊNCIAS HUMANAS E SOCIAIS;Presencial;CENTRO DE COMUNICAÇÃO, TURISMO E ARTES (CCTA);CCTA - COORDENAÇÃO DE RADIALISMO
30652;COMUNICAÇÃO SOCIAL;BACHARELADO;Matutino e Vespertino;João Pessoa;Ciências Sociais Aplicadas;Área IV - CIÊNCIAS HUMANAS E SOCIAIS;Presencial;CENTRO DE COMUNICAÇÃO, TURISMO E ARTES (CCTA);CCTA - COORDENAÇÃO DE RADIALISMO
1191007;DANÇA;LICENCIATURA;Matutino e Vespertino;João Pessoa;Ciências Humanas;Área IV - CIÊNCIAS HUMANAS E SOCIAIS;Presencial;CENTRO DE COMUNICAÇÃO, TURISMO E ARTES (CCTA);CCTA - COORDENAÇÃO DE DANÇA (LICENCIATURA)
107352;DESIGN;BACHARELADO;Matutino e Vespertino;Litoral Norte (Mamanguape e Rio Tinto);Engenharias;Área III - CIÊNCIAS EXATAS E TECNOLÓGICAS;Presencial;CENTRO DE CIÊNCIAS APLICADAS E EDUCAÇÃO (CCAE);CCAE - COORDENAÇÃO DE DESIGN
1110415;DIREITO;BACHARELADO;Matutino e Vespertino;João Pessoa;Ciências Sociais Aplicadas;Área IV - CIÊNCIAS HUMANAS E SOCIAIS;Presencial;CENTRO DE CIÊNCIAS JURÍDICAS (CCJ);CCJ - COORDENAÇÃO DE DIREITO (SANTA RITA)
1110415;DIREITO;BACHARELADO;Noturno;João Pessoa;Ciências Sociais Aplicadas;Área IV - CIÊNCIAS HUMANAS E SOCIAIS;Presencial;CENTRO DE CIÊNCIAS JURÍDICAS (CCJ);CCJ - COORDENAÇÃO DE DIREITO (SANTA RITA)
13398;DIREITO;BACHARELADO;Matutino e Vespertino;João Pessoa;Ciências Sociais Aplicadas;Área IV - CIÊNCIAS HUMANAS E SOCIAIS;Presencial;CENTRO DE CIÊNCIAS JURÍDICAS (CCJ);CCJ - COORDENAÇÃO DE DIREITO (JOÃO PESSOA)
13398;DIREITO;BACHARELADO;Noturno;João Pessoa;Ciências Sociais Aplicadas;Área IV - CIÊNCIAS HUMANAS E SOCIAIS;Presencial;CENTRO DE CIÊNCIAS JURÍDICAS (CCJ);CCJ - COORDENAÇÃO DE DIREITO (JOÃO PESSOA)
13398;DIREITO;BACHARELADO;Vespertino;João Pessoa;Ciências Sociais Aplicadas;Área IV - CIÊNCIAS HUMANAS E SOCIAIS;Presencial;CENTRO DE CIÊNCIAS JURÍDICAS (CCJ);CCJ - COORDENAÇÃO DE DIREITO (JOÃO PESSOA)
98980;ECOLOGIA;BACHARELADO;Matutino e Vespertino;Litoral Norte (Mamanguape e Rio Tinto);Ciências Exatas e da Terra;Área II -CIÊNCIAS BIOLÓGICAS E DA SAÚDE;Presencial;CENTRO DE CIÊNCIAS APLICADAS E EDUCAÇÃO (CCAE);CCAE - COORDENAÇÃO DE ECOLOGIA
122288;EDUCAÇÃO FÍSICA;BACHARELADO;Matutino e Vespertino;João Pessoa;Ciências da Saúde;Área II -CIÊNCIAS BIOLÓGICAS E DA SAÚDE;Presencial;CENTRO DE CIÊNCIAS DA SAÚDE (CCS);CCS - COORDENAÇÃO DE EDUCAÇÃO FÍSICA (BACHARELADO)
13423;EDUCAÇÃO FÍSICA - LICENCIATURA;LICENCIATURA;Matutino e Vespertino;João Pessoa;Ciências da Saúde;Área II -CIÊNCIAS BIOLÓGICAS E DA SAÚDE;Presencial;CENTRO DE CIÊNCIAS DA SAÚDE (CCS);CCS - COORDENAÇÃO DE EDUCAÇÃO FÍSICA (LICENCIATURA)
44257;ENFERMAGEM;LICENCIATURA;Matutino e Vespertino;João Pessoa;Ciências da Saúde;Área II -CIÊNCIAS BIOLÓGICAS E DA SAÚDE;Presencial;CENTRO DE CIÊNCIAS DA SAÚDE (CCS);CCS - COORDENAÇÃO DE ENFERMAGEM
44258;ENFERMAGEM;BACHARELADO;Matutino e Vespertino;João Pessoa;Ciências da Saúde;Área II -CIÊNCIAS BIOLÓGICAS E DA SAÚDE;Presencial;CENTRO DE CIÊNCIAS DA SAÚDE (CCS);CCS - COORDENAÇÃO DE ENFERMAGEM
44258;ENFERMAGEM;LICENCIATURA E BACHARELADO;Matutino e Vespertino;João Pessoa;Ciências da Saúde;Área II -CIÊNCIAS BIOLÓGICAS E DA SAÚDE;Presencial;CENTRO DE CIÊNCIAS DA SAÚDE (CCS);CCS - COORDENAÇÃO DE ENFERMAGEM
113615;ENGENHARIA AMBIENTAL;BACHARELADO;Matutino e Vespertino;João Pessoa;Engenharias;Área III - CIÊNCIAS EXATAS E TECNOLÓGICAS;Presencial;CENTRO DE TECNOLOGIA (CT);CT - COORDENAÇÃO DE ENGENHARIA AMBIENTAL
13429;ENGENHARIA CIVIL;BACHARELADO;Matutino e Vespertino;João Pessoa;Engenharias;Área III - CIÊNCIAS EXATAS E TECNOLÓGICAS;Presencial;CENTRO DE TECNOLOGIA (CT);CT - COORDENAÇÃO DE ENGENHARIA CIVIL
1127164;ENGENHARIA DA COMPUTAÇÃO;BACHARELADO;Matutino e Vespertino;João Pessoa;Engenharias;Área III - CIÊNCIAS EXATAS E TECNOLÓGICAS;Presencial;CENTRO DE INFORMÁTICA (CI);CI - COORDENAÇÃO DE ENGENHARIA COMPUTACIONAL
13428;ENGENHARIA DE ALIMENTOS;BACHARELADO;Matutino e Vespertino;João Pessoa;Engenharias;Área III - CIÊNCIAS EXATAS E TECNOLÓGICAS;Presencial;CENTRO DE TECNOLOGIA (CT);CT - COORDENAÇÃO DE ENGENHARIA DE ALIMENTOS
1189063;ENGENHARIA DE ENERGIAS RENOVÁVEIS;BACHARELADO;Matutino e Vespertino;João Pessoa;Engenharias;Área III - CIÊNCIAS EXATAS E TECNOLÓGICAS;Presencial;CENTRO DE ENERGIAS E ALTERNATIVAS E RENOVÁVEIS (CEAR);CEAR - COORDENAÇÃO DE ENGENHARIA DE ENERGIAS RENOVÁVEIS
113617;ENGENHARIA DE MATERIAIS;BACHARELADO;Matutino e Vespertino;João Pessoa;Engenharias;Área III - CIÊNCIAS EXATAS E TECNOLÓGICAS;Presencial;CENTRO DE TECNOLOGIA (CT);CT - COORDENAÇÃO DE ENGENHARIA DE MATERIAIS
122934;ENGENHARIA DE PRODUÇÃO;BACHARELADO;Noturno;João Pessoa;Engenharias;Área III - CIÊNCIAS EXATAS E TECNOLÓGICAS;Presencial;CENTRO DE TECNOLOGIA (CT);CT - COORDENAÇÃO DE ENGENHARIA DE PRODUÇÃO
19563;ENGENHARIA DE PRODUÇÃO MECÂNICA;BACHARELADO;Matutino e Vespertino;João Pessoa;Engenharias;Área III - CIÊNCIAS EXATAS E TECNOLÓGICAS;Presencial;CENTRO DE TECNOLOGIA (CT);CT - COORDENAÇÃO DE ENGENHARIA DE PRODUÇÃO MECÂNICA
113609;ENGENHARIA ELÉTRICA;BACHARELADO;Matutino e Vespertino;João Pessoa;Engenharias;Área III - CIÊNCIAS EXATAS E TECNOLÓGICAS;Presencial;CENTRO DE ENERGIAS E ALTERNATIVAS E RENOVÁVEIS (CEAR);CEAR - COORDENAÇÃO DE ENGENHARIA ELÉTRICA
13430;ENGENHARIA MECÂNICA;BACHARELADO;Matutino e Vespertino;João Pessoa;Engenharias;Área III - CIÊNCIAS EXATAS E TECNOLÓGICAS;Presencial;CENTRO DE TECNOLOGIA (CT);CT - COORDENAÇÃO DE ENGENHARIA MECÂNICA
113604;ENGENHARIA QUÍMICA;BACHARELADO;Matutino e Vespertino;João Pessoa;Engenharias;Área III - CIÊNCIAS EXATAS E TECNOLÓGICAS;Presencial;CENTRO DE TECNOLOGIA (CT);CT - COORDENAÇÃO DE ENGENHARIA QUÍMICA
43454;ESTATÍSTICA;BACHARELADO;Matutino e Vespertino;João Pessoa;Ciências Exatas e da Terra;Área III - CIÊNCIAS EXATAS E TECNOLÓGICAS;Presencial;CENTRO DE CIÊNCIAS EXATAS E DA NATUREZA (CCEN);CCEN - COORDENAÇÃO DE ESTATÍSTICA
13421;FARMÁCIA;BACHARELADO;Matutino e Vespertino;João Pessoa;Ciências da Saúde;Área II -CIÊNCIAS BIOLÓGICAS E DA SAÚDE;Presencial;CENTRO DE CIÊNCIAS DA SAÚDE (CCS);CCS - COORDENAÇÃO DE FARMÁCIA
13421;FARMÁCIA;OUTRO TIPO DE GRAU ACADÊMICO;Matutino e Vespertino;João Pessoa;Ciências da Saúde;Área II -CIÊNCIAS BIOLÓGICAS E DA SAÚDE;Presencial;CENTRO DE CIÊNCIAS DA SAÚDE (CCS);CCS - COORDENAÇÃO DE FARMÁCIA
13409;FILOSOFIA;LICENCIATURA;Noturno;João Pessoa;Ciências Humanas;Área IV - CIÊNCIAS HUMANAS E SOCIAIS;Presencial;CENTRO DE CIÊNCIAS HUMANAS, LETRAS E ARTES (CCHLA);CCHLA - COORDENAÇÃO DE FILOSOFIA
313409;FILOSOFIA;BACHARELADO;Noturno;João Pessoa;Ciências Humanas;Área IV - CIÊNCIAS HUMANAS E SOCIAIS;Presencial;CENTRO DE CIÊNCIAS HUMANAS, LETRAS E ARTES (CCHLA);CCHLA - COORDENAÇÃO DE FILOSOFIA
13400;FÍSICA;LICENCIATURA;Matutino e Vespertino;João Pessoa;Ciências Exatas e da Terra;Área III - CIÊNCIAS EXATAS E TECNOLÓGICAS;Presencial;CENTRO DE CIÊNCIAS EXATAS E DA NATUREZA (CCEN);CCEN - COORDENAÇÃO DE FÍSICA
13400;FÍSICA;LICENCIATURA;Noturno;João Pessoa;Ciências Exatas e da Terra;Área III - CIÊNCIAS EXATAS E TECNOLÓGICAS;Presencial;CENTRO DE CIÊNCIAS EXATAS E DA NATUREZA (CCEN);CCEN - COORDENAÇÃO DE FÍSICA
313400;FÍSICA;BACHARELADO;Matutino e Vespertino;João Pessoa;Ciências Exatas e da Terra;Área III - CIÊNCIAS EXATAS E TECNOLÓGICAS;Presencial;CENTRO DE CIÊNCIAS EXATAS E DA NATUREZA (CCEN);CCEN - COORDENAÇÃO DE FÍSICA
313400;FÍSICA;BACHARELADO;Noturno;João Pessoa;Ciências Exatas e da Terra;Área III - CIÊNCIAS EXATAS E TECNOLÓGICAS;Presencial;CENTRO DE CIÊNCIAS EXATAS E DA NATUREZA (CCEN);CCEN - COORDENAÇÃO DE FÍSICA
13422;FISIOTERAPIA;BACHARELADO;Matutino e Vespertino;João Pessoa;Ciências da Saúde;Área II -CIÊNCIAS BIOLÓGICAS E DA SAÚDE;Presencial;CENTRO DE CIÊNCIAS DA SAÚDE (CCS);CCS - COORDENAÇÃO DE FISIOTERAPIA
122918;FONOAUDIOLOGIA;BACHARELADO;Matutino e Vespertino;João Pessoa;Ciências da Saúde;Área II -CIÊNCIAS BIOLÓGICAS E DA SAÚDE;Presencial;CENTRO DE CIÊNCIAS DA SAÚDE (CCS);CCS - COORDENAÇÃO DE FONOAUDIOLOGIA
5001240;GASTRONOMIA;BACHARELADO;Matutino e Vespertino;João Pessoa;Ciências Sociais Aplicadas;Área IV - CIÊNCIAS HUMANAS E SOCIAIS;Presencial;CENTRO DE TECNOLOGIA E DESENVOLVIMENTO REGIONAL (CTDR);CTDR - COORDENAÇÃO DE GASTRONOMIA
13406;GEOGRAFIA;BACHARELADO;Noturno;João Pessoa;Ciências Exatas e da Terra;Área IV - CIÊNCIAS HUMANAS E SOCIAIS;Presencial;CENTRO DE CIÊNCIAS EXATAS E DA NATUREZA (CCEN);CCEN - COORDENAÇÃO DE GEOGRAFIA
13406;GEOGRAFIA;LICENCIATURA;Noturno;João Pessoa;Ciências Exatas e da Terra;Área IV - CIÊNCIAS HUMANAS E SOCIAIS;Presencial;CENTRO DE CIÊNCIAS EXATAS E DA NATUREZA (CCEN);CCEN - COORDENAÇÃO DE GEOGRAFIA
313406;GEOGRAFIA;BACHARELADO;Matutino e Vespertino;João Pessoa;Ciências Exatas e da Terra;Área IV - CIÊNCIAS HUMANAS E SOCIAIS;Presencial;CENTRO DE CIÊNCIAS EXATAS E DA NATUREZA (CCEN);CCEN - COORDENAÇÃO DE GEOGRAFIA
313406;GEOGRAFIA;BACHARELADO;Noturno;João Pessoa;Ciências Exatas e da Terra;Área IV - CIÊNCIAS HUMANAS E SOCIAIS;Presencial;CENTRO DE CIÊNCIAS EXATAS E DA NATUREZA (CCEN);CCEN - COORDENAÇÃO DE GEOGRAFIA
1363988;GESTÃO PÚBLICA;BACHARELADO;Vespertino;João Pessoa;Ciências Sociais Aplicadas;;Presencial;CENTRO DE CIÊNCIAS SOCIAIS E APLICADAS (CCSA);CCSA - COORDENAÇÃO DE GESTÃO PÚBLICA
13415;HISTÓRIA;LICENCIATURA;Matutino e Vespertino;João Pessoa;Ciências Humanas;Área IV - CIÊNCIAS HUMANAS E SOCIAIS;Presencial;CENTRO DE CIÊNCIAS HUMANAS, LETRAS E ARTES (CCHLA);CCHLA - COORDENAÇÃO DE HISTÓRIA
13415;HISTÓRIA;LICENCIATURA;Noturno;João Pessoa;Ciências Humanas;Área IV - CIÊNCIAS HUMANAS E SOCIAIS;Presencial;CENTRO DE CIÊNCIAS HUMANAS, LETRAS E ARTES (CCHLA);CCHLA - COORDENAÇÃO DE HISTÓRIA
80600;HISTORIA ( MSC);LICENCIATURA;Matutino e Vespertino;João Pessoa;Ciências Humanas;Área IV - CIÊNCIAS HUMANAS E SOCIAIS;Presencial;CENTRO DE CIÊNCIAS HUMANAS, LETRAS E ARTES (CCHLA);CCHLA - COORDENAÇÃO DE HISTÓRIA
100220;HOTELARIA;BACHARELADO;Matutino e Vespertino;João Pessoa;Ciências Sociais Aplicadas;Área IV - CIÊNCIAS HUMANAS E SOCIAIS;Presencial;CENTRO DE COMUNICAÇÃO, TURISMO E ARTES (CCTA);CCAE - COORDENAÇÃO DE HOTELARIA E GASTRONOMIA
1268219;JORNALISMO;BACHARELADO;Matutino e Vespertino;João Pessoa;Ciências Sociais Aplicadas;Área IV - CIÊNCIAS HUMANAS E SOCIAIS;Presencial;CENTRO DE COMUNICAÇÃO, TURISMO E ARTES (CCTA);CCTA - COORDENAÇÃO DE JORNALISMO
109954;LETRAS / EAD;LICENCIATURA;Matutino e Vespertino;UFPB VIRTUAL;Ciências Humanas;Área IV - CIÊNCIAS HUMANAS E SOCIAIS;A Distância;CENTRO DE CIÊNCIAS HUMANAS, LETRAS E ARTES (CCHLA);CCHLA - COORDENAÇÃO DE LETRAS (EAD)
107553;LETRAS - ESPANHOL;LICENCIATURA;Matutino e Vespertino;João Pessoa;Ciências Humanas;Área IV - CIÊNCIAS HUMANAS E SOCIAIS;Presencial;CENTRO DE CIÊNCIAS HUMANAS, LETRAS E ARTES (CCHLA);CCHLA - COORDENAÇÃO DE LETRAS
1261913;LETRAS - ESPANHOL;LICENCIATURA;Matutino e Vespertino;UFPB VIRTUAL;Ciências Humanas;Área IV - CIÊNCIAS HUMANAS E SOCIAIS;A Distância;CENTRO DE CIÊNCIAS APLICADAS E EDUCAÇÃO (CCAE);CCAE - COORDENAÇÃO DE LETRAS
107552;LETRAS - FRANCÊS;LICENCIATURA;Matutino e Vespertino;João Pessoa;Ciências Humanas;Área IV - CIÊNCIAS HUMANAS E SOCIAIS;Presencial;CENTRO DE CIÊNCIAS HUMANAS, LETRAS E ARTES (CCHLA);CCHLA - COORDENAÇÃO DE LETRAS
107552;LETRAS - FRANCÊS;LICENCIATURA;Noturno;João Pessoa;Ciências Humanas;Área IV - CIÊNCIAS HUMANAS E SOCIAIS;Presencial;CENTRO DE CIÊNCIAS HUMANAS, LETRAS E ARTES (CCHLA);CCHLA - COORDENAÇÃO DE LETRAS
107549;LETRAS - INGLÊS;LICENCIATURA;Matutino e Vespertino;João Pessoa;Ciências Humanas;Área IV - CIÊNCIAS HUMANAS E SOCIAIS;Presencial;CENTRO DE CIÊNCIAS HUMANAS, LETRAS E ARTES (CCHLA);CCHLA - COORDENAÇÃO DE LETRAS
107549;LETRAS - INGLÊS;LICENCIATURA;Noturno;João Pessoa;Ciências Humanas;Área IV - CIÊNCIAS HUMANAS E SOCIAIS;Presencial;CENTRO DE CIÊNCIAS HUMANAS, LETRAS E ARTES (CCHLA);CCHLA - COORDENAÇÃO DE LETRAS
1261910;LETRAS - INGLÊS;LICENCIATURA;Matutino e Vespertino;UFPB VIRTUAL;Ciências Humanas;Área IV - CIÊNCIAS HUMANAS E SOCIAIS;A Distância;CENTRO DE CIÊNCIAS APLICADAS E EDUCAÇÃO (CCAE);CCAE - COORDENAÇÃO DE LETRAS EM LÍNGUA INGLESA (LICENCIATURA - EAD)
116830;LETRAS - LETRAS CLÁSSICAS (GREGO E LATIM);LICENCIATURA;Noturno;João Pessoa;Ciências Humanas;Área IV - CIÊNCIAS HUMANAS E SOCIAIS;Presencial;CENTRO DE CIÊNCIAS HUMANAS, LETRAS E ARTES (CCHLA);CCHLA - COORDENAÇÃO DE LETRAS
1126690;LETRAS - LIBRAS;LICENCIATURA;Matutino e Vespertino;UFPB VIRTUAL;Ciências Humanas;Área IV - CIÊNCIAS HUMANAS E SOCIAIS;A Distância;CENTRO DE CIÊNCIAS HUMANAS, LETRAS E ARTES (CCHLA);CCHLA - COORDENAÇÃO DE LETRAS LIBRAS (EAD)
5000898;LETRAS -  LÍNGUA PORTUGUESA;LICENCIATURA;Vespertino;Litoral Norte (Mamanguape e Rio Tinto);Ciências Humanas;Área IV - CIÊNCIAS HUMANAS E SOCIAIS;Presencial;CENTRO DE CIÊNCIAS APLICADAS E EDUCAÇÃO (CCAE);CCAE - COORDENAÇÃO DE LETRAS
107548;LETRAS - LÍNGUA PORTUGUESA;LICENCIATURA;Matutino e Vespertino;João Pessoa;Ciências Humanas;Área IV - CIÊNCIAS HUMANAS E SOCIAIS;Presencial;CENTRO DE CIÊNCIAS HUMANAS, LETRAS E ARTES (CCHLA);CCHLA - COORDENAÇÃO DE LETRAS
107548;LETRAS - LÍNGUA PORTUGUESA;LICENCIATURA;Noturno;João Pessoa;Ciências Humanas;Área IV - CIÊNCIAS HUMANAS E SOCIAIS;Presencial;CENTRO DE CIÊNCIAS HUMANAS, LETRAS E ARTES (CCHLA);CCHLA - COORDENAÇÃO DE LETRAS
107549;LETRAS - LÍNGUA PORTUGUESA;LICENCIATURA;Matutino e Vespertino;João Pessoa;Ciências Humanas;Área IV - CIÊNCIAS HUMANAS E SOCIAIS;Presencial;CENTRO DE CIÊNCIAS HUMANAS, LETRAS E ARTES (CCHLA);CCHLA - COORDENAÇÃO DE LETRAS
107549;LETRAS - LÍNGUA PORTUGUESA;LICENCIATURA;Noturno;João Pessoa;Ciências Humanas;Área IV - CIÊNCIAS HUMANAS E SOCIAIS;Presencial;CENTRO DE CIÊNCIAS HUMANAS, LETRAS E ARTES (CCHLA);CCHLA - COORDENAÇÃO DE LETRAS
44113;LETRAS - LÍNGUA PORTUGUESA;LICENCIATURA;Noturno;João Pessoa;Ciências Humanas;Área IV - CIÊNCIAS HUMANAS E SOCIAIS;Presencial;CENTRO DE CIÊNCIAS HUMANAS, LETRAS E ARTES (CCHLA);CCHLA - COORDENAÇÃO DE LETRAS
44114;LETRAS - LÍNGUA PORTUGUESA;LICENCIATURA;Noturno;João Pessoa;Ciências Humanas;Área IV - CIÊNCIAS HUMANAS E SOCIAIS;Presencial;CENTRO DE CIÊNCIAS HUMANAS, LETRAS E ARTES (CCHLA);CCHLA - COORDENAÇÃO DE LETRAS
122928;LÍNGUAS ESTRANGEIRAS APLICADAS ÀS NEGOCIAÇÕES INTERNACIONAIS;BACHARELADO;Matutino e Vespertino;João Pessoa;Ciências Humanas;Área IV - CIÊNCIAS HUMANAS E SOCIAIS;Presencial;CENTRO DE CIÊNCIAS HUMANAS, LETRAS E ARTES (CCHLA);CCHLA - COORDENAÇÃO DE LÍNGUAS ESTRANGEIRAS APLICADAS ÀS NEGOCIAÇÕES INTERNACIONAIS
118074;MATEMÁTICA;BACHARELADO;Noturno;João Pessoa;Ciências Exatas e da Terra;Área III - CIÊNCIAS EXATAS E TECNOLÓGICAS;Presencial;CENTRO DE CIÊNCIAS EXATAS E DA NATUREZA (CCEN);CCEN - COORDENAÇÃO DE MATEMÁTICA
13402;MATEMÁTICA;LICENCIATURA;Matutino e Vespertino;João Pessoa;Ciências Exatas e da Terra;Área III - CIÊNCIAS EXATAS E TECNOLÓGICAS;Presencial;CENTRO DE CIÊNCIAS EXATAS E DA NATUREZA (CCEN);CCEN - COORDENAÇÃO DE MATEMÁTICA
13402;MATEMÁTICA;LICENCIATURA;Noturno;João Pessoa;Ciências Exatas e da Terra;Área III - CIÊNCIAS EXATAS E TECNOLÓGICAS;Presencial;CENTRO DE CIÊNCIAS EXATAS E DA NATUREZA (CCEN);CCEN - COORDENAÇÃO DE MATEMÁTICA
313402;MATEMÁTICA;BACHARELADO;Matutino e Vespertino;João Pessoa;Ciências Exatas e da Terra;Área III - CIÊNCIAS EXATAS E TECNOLÓGICAS;Presencial;CENTRO DE CIÊNCIAS EXATAS E DA NATUREZA (CCEN);CCEN - COORDENAÇÃO DE MATEMÁTICA
1162837;MATEMÁTICA COMPUTACIONAL;BACHARELADO;Matutino e Vespertino;João Pessoa;Engenharias;Área III - CIÊNCIAS EXATAS E TECNOLÓGICAS;Presencial;CENTRO DE INFORMÁTICA (CI);CI - COORDENAÇÃO DE MATEMÁTICA COMPUTACIONAL
109948;MATEMÁTICA - EAD;LICENCIATURA;Matutino e Vespertino;UFPB VIRTUAL;Ciências Exatas e da Terra;Área III - CIÊNCIAS EXATAS E TECNOLÓGICAS;A Distância;CENTRO DE CIÊNCIAS EXATAS E DA NATUREZA (CCEN);CCEN - COORDENAÇÃO DE MATEMÁTICA
99045;MATEMÁTICA (LICENCIATURA);LICENCIATURA;Noturno;Litoral Norte (Mamanguape e Rio Tinto);Ciências Exatas e da Terra;Área III - CIÊNCIAS EXATAS E TECNOLÓGICAS;Presencial;CENTRO DE CIÊNCIAS APLICADAS E EDUCAÇÃO (CCAE);CCAE - COORDENAÇÃO DE MATEMÁTICA (LICENCIATURA)
13424;MEDICINA;BACHARELADO;Matutino e Vespertino;João Pessoa;Ciências da Saúde;Área II -CIÊNCIAS BIOLÓGICAS E DA SAÚDE;Presencial;CENTRO DE CIENCIAS MEDICAS (CCM);CCM - COORDENAÇÃO DE MEDICINA
113709;MEDICINA VETERINÁRIA;BACHARELADO;Matutino e Vespertino;Areia;Ciências Agrárias;Área I - CIÊNCIAS AGRÁRIAS;Presencial;CENTRO DE CIÊNCIAS AGRÁRIAS (CCA);CCA - COORDENAÇÃO DE MEDICINA VETERINÁRIA
97039;MÚSICA;LICENCIATURA;Matutino e Vespertino;João Pessoa;Ciências Humanas;Área V - ARTÍSTICA;Presencial;CENTRO DE COMUNICAÇÃO, TURISMO E ARTES (CCTA);CCTA - COORDENAÇÃO DE MÚSICA (LICENCIATURA)
97040;MÚSICA;LICENCIATURA;Matutino e Vespertino;João Pessoa;Ciências Humanas;Área V - ARTÍSTICA;Presencial;CENTRO DE COMUNICAÇÃO, TURISMO E ARTES (CCTA);CCTA - COORDENAÇÃO DE MÚSICA (LICENCIATURA)
97041;MÚSICA;LICENCIATURA;Matutino e Vespertino;João Pessoa;Ciências Humanas;Área V - ARTÍSTICA;Presencial;CENTRO DE COMUNICAÇÃO, TURISMO E ARTES (CCTA);CCTA - COORDENAÇÃO DE MÚSICA (LICENCIATURA)
26564;MÚSICA - BACHARELADO;BACHARELADO;Matutino e Vespertino;João Pessoa;Ciências Humanas;Área V - ARTÍSTICA;Presencial;CENTRO DE COMUNICAÇÃO, TURISMO E ARTES (CCTA);CCTA - COORDENAÇÃO DE MÚSICA (BACHARELADO)
123240;MUSICA POPULAR;OUTRO TIPO DE GRAU ACADÊMICO;Noturno;João Pessoa;Ciências Humanas;Área V - ARTÍSTICA;Presencial;CENTRO DE COMUNICAÇÃO, TURISMO E ARTES (CCTA);CCTA - COORDENAÇÃO DE REGÊNCIA DE BANDAS E FANFARRAS (SEQUENCIAL)
13425;NUTRIÇÃO;BACHARELADO;Matutino e Vespertino;João Pessoa;Ciências da Saúde;Área II -CIÊNCIAS BIOLÓGICAS E DA SAÚDE;Presencial;CENTRO DE CIÊNCIAS DA SAÚDE (CCS);CCS - COORDENAÇÃO DE NUTRIÇÃO
13426;ODONTOLOGIA;BACHARELADO;Matutino e Vespertino;João Pessoa;Ciências da Saúde;Área II -CIÊNCIAS BIOLÓGICAS E DA SAÚDE;Presencial;CENTRO DE CIÊNCIAS DA SAÚDE (CCS);CCS - COORDENAÇÃO DE ODONTOLOGIA
107356;PEDAGOGIA;LICENCIATURA;Noturno;Litoral Norte (Mamanguape e Rio Tinto);Ciências Humanas;Área IV - CIÊNCIAS HUMANAS E SOCIAIS;Presencial;CENTRO DE CIÊNCIAS APLICADAS E EDUCAÇÃO (CCAE);CCAE - COORDENAÇÃO DE PEDAGOGIA
109626;PEDAGOGIA;LICENCIATURA;Matutino e Vespertino;Bananeiras;Ciências Humanas;Área IV - CIÊNCIAS HUMANAS E SOCIAIS;Presencial;CENTRO DE CIÊNCIAS HUMANAS SOCIAIS E AGRÁRIAS (CCHSA);CCHSA - COORDENAÇÃO DE PEDAGOGIA (LICENCIATURA)
109626;PEDAGOGIA;LICENCIATURA;Noturno;Bananeiras;Ciências Humanas;Área IV - CIÊNCIAS HUMANAS E SOCIAIS;Presencial;CENTRO DE CIÊNCIAS HUMANAS SOCIAIS E AGRÁRIAS (CCHSA);CCHSA - COORDENAÇÃO DE PEDAGOGIA (LICENCIATURA)
13418;PEDAGOGIA;LICENCIATURA;Matutino;João Pessoa;Ciências Humanas;Área IV - CIÊNCIAS HUMANAS E SOCIAIS;Presencial;CENTRO DE EDUCAÇÃO (CE);CE - COORDENAÇÃO DE PEDAGOGIA (LICENCIATURA)
13418;PEDAGOGIA;LICENCIATURA;Matutino e Vespertino;João Pessoa;Ciências Humanas;Área IV - CIÊNCIAS HUMANAS E SOCIAIS;Presencial;CENTRO DE EDUCAÇÃO (CE);CE - COORDENAÇÃO DE PEDAGOGIA (LICENCIATURA)
13418;PEDAGOGIA;LICENCIATURA;Noturno;João Pessoa;Ciências Humanas;Área IV - CIÊNCIAS HUMANAS E SOCIAIS;Presencial;CENTRO DE EDUCAÇÃO (CE);CE - COORDENAÇÃO DE PEDAGOGIA (LICENCIATURA)
13418;PEDAGOGIA;LICENCIATURA;Vespertino;João Pessoa;Ciências Humanas;Área IV - CIÊNCIAS HUMANAS E SOCIAIS;Presencial;CENTRO DE EDUCAÇÃO (CE);CE - COORDENAÇÃO DE PEDAGOGIA (LICENCIATURA)
13418;PEDAGOGIA;LICENCIATURA PLENA;Matutino e Vespertino;João Pessoa;Ciências Humanas;Área IV - CIÊNCIAS HUMANAS E SOCIAIS;Presencial;CENTRO DE EDUCAÇÃO (CE);CE - COORDENAÇÃO DE PEDAGOGIA (LICENCIATURA)
109950;PEDAGOGIA - EAD;LICENCIATURA;Matutino e Vespertino;UFPB VIRTUAL;Ciências Humanas;Área IV - CIÊNCIAS HUMANAS E SOCIAIS;A Distância;CENTRO DE EDUCAÇÃO (CE);CE - COORDENAÇÃO DE PEDAGOGIA (EAD)
122924;PEDAGOGIA - EDUCAÇÃO DO CAMPO;LICENCIATURA;Noturno;João Pessoa;Ciências Humanas;Área IV - CIÊNCIAS HUMANAS E SOCIAIS;Presencial;CENTRO DE EDUCAÇÃO (CE);CE - COORDENAÇÃO DE PEDAGOGIA (LICENCIATURA)
113707;PEDAGOGIA (MSC);LICENCIATURA;Matutino e Vespertino;João Pessoa;Ciências Humanas;Área IV - CIÊNCIAS HUMANAS E SOCIAIS;Presencial;CENTRO DE EDUCAÇÃO (CE);CE - COORDENAÇÃO DE PEDAGOGIA (LICENCIATURA)
13413;PSICOLOGIA;BACHARELADO;Matutino e Vespertino;João Pessoa;Ciências Humanas;Área IV - CIÊNCIAS HUMANAS E SOCIAIS;Presencial;CENTRO DE CIÊNCIAS HUMANAS, LETRAS E ARTES (CCHLA);CCHLA - COORDENAÇÃO DE PSICOLOGIA
26565;PSICOLOGIA;LICENCIATURA;Matutino e Vespertino;João Pessoa;Ciências Humanas;Área IV - CIÊNCIAS HUMANAS E SOCIAIS;Presencial;CENTRO DE CIÊNCIAS HUMANAS, LETRAS E ARTES (CCHLA);CCHLA - COORDENAÇÃO DE PSICOLOGIA
122926;PSICOPEDAGOGIA (BACH);BACHARELADO;Matutino e Vespertino;João Pessoa;Ciências Humanas;Área IV - CIÊNCIAS HUMANAS E SOCIAIS;Presencial;CENTRO DE EDUCAÇÃO (CE);CE - COORDENAÇÃO DE PSICOPEDAGOGIA
122926;PSICOPEDAGOGIA (BACH);BACHARELADO;Vespertino;João Pessoa;Ciências Humanas;Área IV - CIÊNCIAS HUMANAS E SOCIAIS;Presencial;CENTRO DE EDUCAÇÃO (CE);CE - COORDENAÇÃO DE PSICOPEDAGOGIA
1161324;QUÍMICA;LICENCIATURA;Noturno;Areia;Ciências Exatas e da Terra;Área III - CIÊNCIAS EXATAS E TECNOLÓGICAS;Presencial;CENTRO DE CIÊNCIAS AGRÁRIAS (CCA);CCA - COORDENAÇÃO DE QUÍMICA
118076;QUÍMICA;LICENCIATURA CURTA;Noturno;João Pessoa;Ciências Exatas e da Terra;Área III - CIÊNCIAS EXATAS E TECNOLÓGICAS;Presencial;CENTRO DE CIÊNCIAS EXATAS E DA NATUREZA (CCEN);CT - COORDENAÇÃO DO CURSO DE QUÍMICA INDUSTRIAL
13404;QUÍMICA;LICENCIATURA;Matutino e Vespertino;João Pessoa;Ciências Exatas e da Terra;Área III - CIÊNCIAS EXATAS E TECNOLÓGICAS;Presencial;CENTRO DE CIÊNCIAS EXATAS E DA NATUREZA (CCEN);CT - COORDENAÇÃO DO CURSO DE QUÍMICA INDUSTRIAL
13404;QUÍMICA;LICENCIATURA;Noturno;João Pessoa;Ciências Exatas e da Terra;Área III - CIÊNCIAS EXATAS E TECNOLÓGICAS;Presencial;CENTRO DE CIÊNCIAS EXATAS E DA NATUREZA (CCEN);CT - COORDENAÇÃO DO CURSO DE QUÍMICA INDUSTRIAL
313404;QUÍMICA;BACHARELADO;Matutino e Vespertino;João Pessoa;Ciências Exatas e da Terra;Área III - CIÊNCIAS EXATAS E TECNOLÓGICAS;Presencial;CENTRO DE CIÊNCIAS EXATAS E DA NATUREZA (CCEN);CT - COORDENAÇÃO DO CURSO DE QUÍMICA INDUSTRIAL
5000897;QUÍMICA;BACHARELADO;Noturno;Areia;Ciências Exatas e da Terra;Área III - CIÊNCIAS EXATAS E TECNOLÓGICAS;Presencial;CENTRO DE CIÊNCIAS AGRÁRIAS (CCA);CCA - COORDENAÇÃO DE QUÍMICA
13431;QUÍMICA INDUSTRIAL;BACHARELADO;Matutino e Vespertino;João Pessoa;Engenharias;Área III - CIÊNCIAS EXATAS E TECNOLÓGICAS;Presencial;CENTRO DE TECNOLOGIA (CT);CT - COORDENAÇÃO DO CURSO DE QUÍMICA INDUSTRIAL
1268221;RADIALISMO;BACHARELADO;Matutino e Vespertino;João Pessoa;Ciências Sociais Aplicadas;Área IV - CIÊNCIAS HUMANAS E SOCIAIS;Presencial;CENTRO DE COMUNICAÇÃO, TURISMO E ARTES (CCTA);CCTA - COORDENAÇÃO DE RADIALISMO
123241;REGÊNCIA DE BANDAS E FANFARRAS;OUTRO TIPO DE GRAU ACADÊMICO;Noturno;João Pessoa;Ciências Humanas;Área V - ARTÍSTICA;Presencial;CENTRO DE COMUNICAÇÃO, TURISMO E ARTES (CCTA);CCTA - COORDENAÇÃO DE REGÊNCIA DE BANDAS E FANFARRAS (SEQUENCIAL)
1126958;RELACÕES INTERNACIONAIS;BACHARELADO;Matutino e Vespertino;João Pessoa;Ciências Sociais Aplicadas;Área IV - CIÊNCIAS HUMANAS E SOCIAIS;Presencial;CENTRO DE CIÊNCIAS SOCIAIS E APLICADAS (CCSA);CCSA - COORDENACÃO DE RELAÇÕES INTERNACIONAIS
1126958;RELACÕES INTERNACIONAIS;BACHARELADO;Noturno;João Pessoa;Ciências Sociais Aplicadas;Área IV - CIÊNCIAS HUMANAS E SOCIAIS;Presencial;CENTRO DE CIÊNCIAS SOCIAIS E APLICADAS (CCSA);CCSA - COORDENACÃO DE RELAÇÕES INTERNACIONAIS
1268257;RELAÇÕES PÚBLICAS;BACHARELADO;Noturno;João Pessoa;Ciências Sociais Aplicadas;Área IV - CIÊNCIAS HUMANAS E SOCIAIS;Presencial;CENTRO DE COMUNICAÇÃO, TURISMO E ARTES (CCTA);CCTA - COORDENAÇÃO DE RELAÇÕES PÚBLICAS
98982;SECRETARIADO EXECUTIVO BILÍNGUE;BACHARELADO;Noturno;Litoral Norte (Mamanguape e Rio Tinto);Ciências Sociais Aplicadas;Área IV - CIÊNCIAS HUMANAS E SOCIAIS;Presencial;CENTRO DE CIÊNCIAS APLICADAS E EDUCAÇÃO (CCAE);CCAE - COORDENAÇÃO DE SECRETARIADO EXECUTIVO BILÍNGUE
13417;SERVIÇO SOCIAL;BACHARELADO;Noturno;João Pessoa;Ciências Humanas;Área IV - CIÊNCIAS HUMANAS E SOCIAIS;Presencial;CENTRO DE CIÊNCIAS HUMANAS, LETRAS E ARTES (CCHLA);CCHLA - COORDENAÇÃO DE SERVIÇO SOCIAL
13417;SERVIÇO SOCIAL;BACHARELADO;Vespertino;João Pessoa;Ciências Humanas;Área IV - CIÊNCIAS HUMANAS E SOCIAIS;Presencial;CENTRO DE CIÊNCIAS HUMANAS, LETRAS E ARTES (CCHLA);CCHLA - COORDENAÇÃO DE SERVIÇO SOCIAL
107360;SISTEMAS DE INFORMAÇÃO;BACHARELADO;Matutino e Vespertino;Litoral Norte (Mamanguape e Rio Tinto);Engenharias;Área III - CIÊNCIAS EXATAS E TECNOLÓGICAS;Presencial;CENTRO DE CIÊNCIAS APLICADAS E EDUCAÇÃO (CCAE);CCAE - COORDENAÇÃO DE SISTEMAS DE INFORMAÇÃO (BACHARELADO)
407456;TEATRO (BACHARELADO);BACHARELADO;Matutino e Vespertino;João Pessoa;Ciências Humanas;Área V - ARTÍSTICA;Presencial;CENTRO DE COMUNICAÇÃO, TURISMO E ARTES (CCTA);CCTA - COORDENAÇÃO DE TEATRO (BACHARELADO)
107456;TEATRO (LICENCIATURA);LICENCIATURA;Matutino e Vespertino;João Pessoa;Ciências Humanas;Área V - ARTÍSTICA;Presencial;CENTRO DE COMUNICAÇÃO, TURISMO E ARTES (CCTA);CCTA - COORDENAÇÃO DE TEATRO (BACHARELADO)
1127907;TECNOLOGIA DE ALIMENTOS;TECNOLÓGICO;Noturno;João Pessoa;Engenharias;Área III - CIÊNCIAS EXATAS E TECNOLÓGICAS;Presencial;CENTRO DE TECNOLOGIA E DESENVOLVIMENTO REGIONAL (CTDR);CTDR - COORDENAÇÃO DE TECNOLOGIA DE ALIMENTOS
1127907;TECNOLOGIA DE ALIMENTOS;TECNOLÓGICO;Vespertino;João Pessoa;Engenharias;Área III - CIÊNCIAS EXATAS E TECNOLÓGICAS;Presencial;CENTRO DE TECNOLOGIA E DESENVOLVIMENTO REGIONAL (CTDR);CTDR - COORDENAÇÃO DE TECNOLOGIA DE ALIMENTOS
1125642;TECNOLOGIA EM GESTÃO PÚBLICA;TECNOLÓGICO;Noturno;João Pessoa;Ciências Sociais Aplicadas;Área IV - CIÊNCIAS HUMANAS E SOCIAIS;Presencial;CENTRO DE CIÊNCIAS SOCIAIS E APLICADAS (CCSA);CCSA - COORDENAÇÃO DE GESTÃO PÚBLICA
1125642;TECNOLOGIA EM GESTÃO PÚBLICA;TECNOLÓGICO;Vespertino;João Pessoa;Ciências Sociais Aplicadas;Área IV - CIÊNCIAS HUMANAS E SOCIAIS;Presencial;CENTRO DE CIÊNCIAS SOCIAIS E APLICADAS (CCSA);CCSA - COORDENAÇÃO DE GESTÃO PÚBLICA
1127165;TECNOLOGIA EM PRODUÇÃO SUCROALCOOLEIRA;TECNOLÓGICO;Noturno;João Pessoa;Engenharias;Área III - CIÊNCIAS EXATAS E TECNOLÓGICAS;Presencial;CENTRO DE TECNOLOGIA E DESENVOLVIMENTO REGIONAL (CTDR);CTDR - COORDENAÇÃO DE TECNOLOGIA SUCROALCOLEIRA
1127165;TECNOLOGIA EM PRODUÇÃO SUCROALCOOLEIRA;TECNOLÓGICO;Vespertino;João Pessoa;Engenharias;Área III - CIÊNCIAS EXATAS E TECNOLÓGICAS;Presencial;CENTRO DE TECNOLOGIA E DESENVOLVIMENTO REGIONAL (CTDR);CTDR - COORDENAÇÃO DE TECNOLOGIA SUCROALCOLEIRA
1123330;TERAPIA OCUPACIONAL;BACHARELADO;Matutino e Vespertino;João Pessoa;Ciências da Saúde;Área II -CIÊNCIAS BIOLÓGICAS E DA SAÚDE;Presencial;CENTRO DE CIÊNCIAS DA SAÚDE (CCS);CCS - COORDENAÇÃO DE TERAPIA OCUPACIONAL
122930;TRADUÇÃO;BACHARELADO;Matutino e Vespertino;João Pessoa;Ciências Humanas;Área IV - CIÊNCIAS HUMANAS E SOCIAIS;Presencial;CENTRO DE CIÊNCIAS HUMANAS, LETRAS E ARTES (CCHLA);CCHLA - COORDENAÇÃO DE TRADUÇÃO (BACHARELADO)
19562;TURISMO;BACHARELADO;Noturno;João Pessoa;Ciências Sociais Aplicadas;Área IV - CIÊNCIAS HUMANAS E SOCIAIS;Presencial;CENTRO DE COMUNICAÇÃO, TURISMO E ARTES (CCTA);CCTA - COORDENAÇÃO DE TURISMO
13403;ZOOTECNIA;BACHARELADO;Matutino e Vespertino;Areia;Ciências Agrárias;Área I - CIÊNCIAS AGRÁRIAS;Presencial;CENTRO DE CIÊNCIAS AGRÁRIAS (CCA);CCA - COORDENAÇÃO DE ZOOTECNIA